experiment,split,group,n_patches,fp_px,fn_px,tp_px,fp_per_patch,precision,recall,iou,dice,f1
E24,val,empty@clean,198,14852,0,0,75.0,0.0,0.0,0.0,0.0,0.0
E24,val,empty@snow,166,11076,0,0,66.7,0.0,0.0,0.0,0.0,0.0
E24,val,medium@clean,3858,4042837,4471538,96906720,1047.9,0.9599519094472093,0.9558925346695136,0.9192346180809439,0.9579179214681872,0.9579179214681872
E24,val,medium@snow,1449,1665643,4620513,30607589,1149.5,0.9483893339223014,0.8688401379103511,0.829614586429215,0.9068736034164881,0.9068736034164881
E24,val,small@clean,1892,426357,485357,9086800,225.3,0.9551823858262724,0.9492949185852159,0.9088150499164085,0.9522295520000302,0.9522295520000302
E24,val,small@snow,1336,452852,546562,5936651,339.0,0.929125629958998,0.915695813171634,0.8559105198696833,0.9223618387914335,0.9223618387914335
E24,val,tiny@clean,136,10977,8548,59902,80.7,0.8451304335545858,0.8751205259300583,0.7541767912665036,0.8598640627573155,0.8598640627573155
E24,val,tiny@snow,94,4112,12383,38892,43.7,0.9043809878129839,0.7584982935138791,0.702186433638395,0.8250405710700951,0.8250405710700951
E25,val,empty@clean,198,20771,0,0,104.9,0.0,0.0,0.0,0.0,0.0
E25,val,empty@snow,166,7858,0,0,47.3,0.0,0.0,0.0,0.0,0.0
E25,val,medium@clean,3858,4073110,4639395,96738863,1055.8,0.9595969617616739,0.9542367851694581,0.9173789286450974,0.956909367198853,0.956909367198853
E25,val,medium@snow,1449,1762175,4551529,30676573,1216.1,0.9456768491804894,0.8707983472967098,0.8293144979692885,0.9066942823553913,0.9066942823553913
E25,val,small@clean,1892,448969,500028,9072129,237.3,0.952844829451383,0.9477622441838245,0.90530036245427,0.9502967409171409,0.9502967409171409
E25,val,small@snow,1336,498998,531418,5951795,373.5,0.9226454794007354,0.9180316920020842,0.8524226781459219,0.9203328033093465,0.9203328033093465
E25,val,tiny@clean,136,10822,9168,59282,79.6,0.845629350677785,0.8660628195750678,0.7478302553224999,0.8557241220023559,0.8557241220023559
E25,val,tiny@snow,94,6679,12025,39250,71.1,0.8545798950535509,0.7654802535333681,0.6772612761833915,0.8075799349812687,0.8075799349812687
E26,val,empty@clean,198,14905,0,0,75.3,0.0,0.0,0.0,0.0,0.0
E26,val,empty@snow,166,9005,0,0,54.2,0.0,0.0,0.0,0.0,0.0
E26,val,medium@clean,3858,4117513,4424448,96953810,1067.3,0.9592613129245364,0.9563570326884084,0.919030299328301,0.9578069712083025,0.9578069712083025
E26,val,medium@snow,1449,1721269,4573890,30654212,1187.9,0.9468341798535721,0.8701635983681413,0.8296274380421772,0.9068812817214127,0.9068812817214127
E26,val,small@clean,1892,440597,476391,9095766,232.9,0.9537982142667917,0.9502315935687123,0.9084180036780998,0.9520115634282459,0.9520115634282459
E26,val,small@snow,1336,485807,537059,5946154,363.6,0.9244698467543425,0.9171615987319727,0.853226709063816,0.9208012218805498,0.9208012218805498
E26,val,tiny@clean,136,10565,10067,58383,77.7,0.8467685792178935,0.8529291453603317,0.7388850218303628,0.8498376977824642,0.8498376977824642
E26,val,tiny@snow,94,4291,13989,37286,45.6,0.8967939004716627,0.7271769868342717,0.6710218478913885,0.8031275578331074,0.8031275578331074
E28,val,empty@clean,198,16390,0,0,82.8,0.0,0.0,0.0,0.0,0.0
E28,val,empty@snow,166,6925,0,0,41.7,0.0,0.0,0.0,0.0,0.0
E28,val,medium@clean,3858,4005074,4423838,96954420,1038.1,0.9603298923031439,0.95636304975767,0.9200166493122451,0.9583423660849999,0.9583423660849999
E28,val,medium@snow,1449,1643559,4564311,30663791,1134.3,0.9491273967069384,0.8704355119671198,0.8316357378095856,0.9080798333888386,0.9080798333888386
E28,val,small@clean,1892,437855,471853,9100304,231.4,0.9540943907519159,0.9507056768918337,0.9091201888668973,0.9523970194945968,0.9523970194945968
E28,val,small@snow,1336,473209,531052,5952161,354.2,0.9263530349224881,0.9180881454920437,0.855635411422699,0.9222020728378868,0.9222020728378868
E28,val,tiny@clean,136,10327,8683,59767,75.9,0.8526692726897414,0.8731482834172781,0.7586859108613444,0.8627872733565778,0.8627872733565778
E28,val,tiny@snow,94,4514,12627,38648,48.0,0.8954172651848955,0.7537396391989201,0.6927530516756121,0.8184927517807443,0.8184927517807443
E29,val,empty@clean,198,21833,0,0,110.3,0.0,0.0,0.0,0.0,0.0
E29,val,empty@snow,166,5652,0,0,34.0,0.0,0.0,0.0,0.0,0.0
E29,val,medium@clean,3858,4025009,4483344,96894914,1043.3,0.9601168046868198,0.955776079719183,0.9192780903081487,0.9579415249413434,0.9579415249413434
E29,val,medium@snow,1449,1682889,4577251,30650851,1161.4,0.947952541215458,0.8700681915818206,0.8303990266747354,0.9073420763157983,0.9073420763157983
E29,val,small@clean,1892,423180,475421,9096736,223.7,0.9555479271035484,0.9503329291402036,0.9100979786874528,0.9529332933097366,0.9529332933097366
E29,val,small@snow,1336,435984,535659,5947554,326.3,0.9317018242861415,0.9173775410432927,0.8595728666202038,0.9244841996242802,0.9244841996242802
E29,val,tiny@clean,136,11334,10855,57595,83.3,0.8355699342789892,0.8414170927672149,0.721886593802364,0.8384833198663271,0.8384833198663271
E29,val,tiny@snow,94,4357,11278,39997,46.4,0.901767597057984,0.7800487567025255,0.7189567155580979,0.8365035710915762,0.8365035710915762
E0,val,empty@clean,198,44782,0,0,226.2,0.0,0.0,0.0,0.0,0.0
E0,val,empty@snow,166,5154,0,0,31.0,0.0,0.0,0.0,0.0,0.0
E0,val,medium@clean,3858,4255757,4645522,96732736,1103.1,0.9578589909248364,0.9541763481475476,0.915734728060842,0.9560141230908031,0.9560141230908031
E0,val,medium@snow,1449,1750012,4594524,30633578,1207.7,0.9459599136476192,0.8695778728016603,0.8284245648655829,0.9061621472215177,0.9061621472215177
E0,val,small@clean,1892,473933,496911,9075246,250.5,0.950369241167215,0.9480878761181941,0.9033610091090075,0.9492271878910503,0.9492271878910503
E0,val,small@snow,1336,518169,568400,5914813,387.9,0.9194511969720899,0.9123274216040579,0.8448064967744819,0.9158754571295887,0.9158754571295887
E0,val,tiny@clean,136,10922,10434,58016,80.3,0.8415677855452123,0.8475675675663293,0.7309378622174937,0.8445570209910294,0.8445570209910294
E0,val,tiny@snow,94,4195,13367,37908,44.6,0.9003633945303177,0.7393076548010935,0.6833964305017426,0.811925721261098,0.811925721261098
E5,val,empty@clean,198,15064,0,0,76.1,0.0,0.0,0.0,0.0,0.0
E5,val,empty@snow,166,10782,0,0,65.0,0.0,0.0,0.0,0.0,0.0
E5,val,medium@clean,3858,4123541,4628011,96750247,1068.8,0.9591217789897996,0.9543490774915456,0.9170483149770735,0.956729476051876,0.956729476051876
E5,val,medium@snow,1449,1705575,4640843,30587259,1177.1,0.9471841028260296,0.8682630418181461,0.8281671765310538,0.9060081453847131,0.9060081453847131
E5,val,small@clean,1892,455206,482255,9089902,240.6,0.9523100210076098,0.9496189834746656,0.9065097174601048,0.9509625984679244,0.9509625984679244
E5,val,small@snow,1336,464456,569092,5914121,347.6,0.9271850132090446,0.9122206844044626,0.8512381634761119,0.9196419782938384,0.9196419782938384
E5,val,tiny@clean,136,10423,9179,59271,76.6,0.8504462364036353,0.8659021183332858,0.7514738884019228,0.8581045865177944,0.8581045865177944
E5,val,tiny@snow,94,4615,10747,40528,49.1,0.8977693108546225,0.7904046806420469,0.7251386652339862,0.8406729033989082,0.8406729033989082
E6,val,empty@clean,198,15528,0,0,78.4,0.0,0.0,0.0,0.0,0.0
E6,val,empty@snow,166,9330,0,0,56.2,0.0,0.0,0.0,0.0,0.0
E6,val,medium@clean,3858,4087758,4543433,96834825,1059.6,0.9594961020765779,0.9551833589407297,0.9181614009198935,0.9573348733631805,0.9573348733631805
E6,val,medium@snow,1449,1636924,4642393,30585709,1129.7,0.9491995579628736,0.86821904285391,0.8296673654861906,0.9069051360226082,0.9069051360226082
E6,val,small@clean,1892,428484,502485,9069672,226.5,0.9548876645108697,0.9475055622259335,0.9069090671287879,0.951182290505662,0.951182290505662
E6,val,small@snow,1336,475451,576738,5906475,355.9,0.9255003896942565,0.9110413308956391,0.8487943950160427,0.9182139423444945,0.9182139423444945
E6,val,tiny@clean,136,10247,8224,60226,75.3,0.8545967959348195,0.8798539079607307,0.7652896552590756,0.8670414546181215,0.8670414546181215
E6,val,tiny@snow,94,4093,11856,39419,43.5,0.9059339952176274,0.7687762067269258,0.7119455281015895,0.8317385295443133,0.8317385295443133
E12,val,empty@clean,198,14093,0,0,71.2,0.0,0.0,0.0,0.0,0.0
E12,val,empty@snow,166,7358,0,0,44.3,0.0,0.0,0.0,0.0,0.0
E12,val,medium@clean,3858,4000987,4455918,96922340,1037.1,0.9603561721662218,0.9560466110988008,0.9197479067154058,0.9581965460132204,0.9581965460132204
E12,val,medium@snow,1449,1656746,4601496,30626606,1143.4,0.9486811034987911,0.869379962621884,0.830330275456196,0.9073010336882968,0.9073010336882968
E12,val,small@clean,1892,438431,478273,9093884,231.7,0.9540058212511761,0.9500349816660868,0.9084265579604224,0.9520162609047716,0.9520162609047716
E12,val,small@snow,1336,458099,546300,5936913,342.9,0.9283662016584031,0.9157362252327524,0.8553012744564593,0.9220079630539074,0.9220079630539074
E12,val,tiny@clean,136,11110,9540,58910,81.7,0.8413310482707207,0.8606281957620736,0.7404474610347657,0.8508702245967712,0.8508702245967712
E12,val,tiny@snow,94,4016,11261,40014,42.7,0.9087894617285741,0.7803803022900432,0.7236982510702941,0.8397041078633443,0.8397041078633443
E20,val,empty@clean,198,16245,0,0,82.0,0.0,0.0,0.0,0.0,0.0
E20,val,empty@snow,166,8809,0,0,53.1,0.0,0.0,0.0,0.0,0.0
E20,val,medium@clean,3858,4034711,4376762,97001496,1045.8,0.9600666818381246,0.9568274096798931,0.9202045717922992,0.9584443088096491,0.9584443088096491
E20,val,medium@snow,1449,1618404,4630128,30597974,1116.9,0.9497645576420759,0.8685672023999452,0.8304172449892513,0.9073529516425941,0.9073529516425941
E20,val,small@clean,1892,454795,478358,9093799,240.4,0.9523704746478805,0.9500261017448737,0.9069355273666323,0.951196843680455,0.951196843680455
E20,val,small@snow,1336,439036,535901,5947312,328.6,0.931253981148523,0.9173402138723359,0.8591589236388224,0.9242447353099229,0.9242447353099229
E20,val,tiny@clean,136,11683,9061,59389,85.9,0.8356174020699634,0.8676260043814936,0.741130370757689,0.8513209386327236,0.8513209386327236
E20,val,tiny@snow,94,5137,10140,41135,54.6,0.88898253803404,0.8022428083845885,0.7291888250713869,0.843388315375313,0.843388315375313
E30,val,empty@clean,198,9568,0,0,48.3,0.0,0.0,0.0,0.0,0.0
E30,val,empty@snow,166,6152,0,0,37.1,0.0,0.0,0.0,0.0,0.0
E30,val,medium@clean,3858,3974714,4546583,96831675,1030.3,0.9605708126297422,0.955152287189625,0.9191166908893648,0.957853886897752,0.957853886897752
E30,val,medium@snow,1449,1572232,4652875,30575227,1085.0,0.9510931174995791,0.8679214963099606,0.830841018997271,0.9076058602317226,0.9076058602317226
E30,val,small@clean,1892,417958,482745,9089412,220.9,0.9560385259014748,0.9495677933406133,0.9098405774107614,0.9527921735166655,0.9527921735166655
E30,val,small@snow,1336,437844,556682,5926531,327.7,0.931203928115472,0.9141348587498065,0.8563043188345241,0.9225904504409627,0.9225904504409627
E30,val,tiny@clean,136,11499,7669,60781,84.6,0.8409103486429982,0.887962016068827,0.7602471575619955,0.8637959212670618,0.8637959212670618
E30,val,tiny@snow,94,4845,14041,37234,51.5,0.8848594310680271,0.7261628473901001,0.6634711332846339,0.797694796151426,0.797694796151426
